variable,Kepulauan,Lumbung Pangan,Pedesaan Kaya Kehati,Sentra Industri dan Jasa,Sentra Perkebunan,units
annual_mean_prec,1327.3 (718.42),2172.42 (347.73),2780.4 (250.8),2637.1 (406.31),2628.24 (276.12),mm/year
annual_mean_temp,20.87 (11.07),26.67 (0.55),21.87 (2.31),26.58 (1.42),24.94 (1.78),deg C/year
arable_land_percent,54.41 (36.65),82.99 (13.17),52.53 (27.5),32.36 (29.98),53.62 (19.93),percent
aridity_index,0.07 (0.06),0.15 (0.06),0.31 (0.06),0.22 (0.07),0.24 (0.05),nilai indeks
distance_to_burned_area,128.84 (80.54),13.1 (10.8),12.39 (6.53),11.64 (8.09),18.14 (11.74),Km
distance_to_commodity_processing_factory,172.37 (91.41),78.66 (33.28),37.15 (21.39),36.83 (42.31),51.48 (28.35),Km
distance_to_deforestation,11.27 (10.2),10.99 (5.48),4.22 (2.87),7.04 (6.49),3.05 (1.5),Km
distance_to_forest,9.45 (9.98),9.56 (5.52),2.88 (2.6),6.35 (5.66),2.38 (1.47),Km
distance_to_plantation,119.07 (70.31),26.88 (16.64),23.82 (12.16),30.55 (14.87),21.5 (15.51),Km
distance_to_plantation_concession,11.27 (20.06),33.63 (24.23),56.23 (26.57),29.92 (21.95),33.72 (27.49),Km
distance_to_river,62.54 (57.02),2.94 (2.04),3.81 (2.71),1.87 (1.5),2.96 (2.23),Km
distance_to_road,1.65 (1.56),0.43 (0.25),1.49 (1.65),0.32 (0.67),1.3 (1.49),Km
erosion_risk_t_ha_1_yr_1,50636.31 (37239.97),412817.92 (391663.9),1435591.76 (781801.53),582238.74 (941434.88),890368.2 (590165.48),(t/ha/yr)
indeks_bahaya_banjir,0.05 (0.06),0.28 (0.19),0.02 (0.06),0.38 (0.2),0.17 (0.18),nilai indeks
indeks_bahaya_longsor,0.13 (0.14),0.07 (0.1),0.66 (0.22),0.07 (0.17),0.35 (0.22),nilai indeks
irrigated_land,0 (0),16.62 (20.81),0.14 (0.72),5.72 (14.06),4.06 (7.7),percent
percentage_deforestation_area_size,1.59 (2.45),0.08 (0.18),1.08 (1.49),0.48 (1.08),2.66 (3.1),percent
percentage_of_agricultural_area_small_holder_in_the_village,11.92 (13.45),60.32 (24.07),26.26 (25.39),22.96 (26.45),26.64 (14.02),percent
percentage_of_plantation_area_per_sub_district,12.32 (24.79),5.65 (7.69),1.24 (1.98),47.61 (32.02),2.31 (2.08),percent
prec_change,-57.15 (38.64),-81.56 (48.1),-25 (53.02),-43.87 (37.84),-63.89 (41.13),mm/year
rasio_40pers_ekon_rendah_rt,42.23 (9.32),34.96 (10.74),48.63 (14.7),15.1 (5.18),33 (10.07),percent
rasio_faskes_1,620.91 (873.07),1542.29 (761.95),898.69 (560.26),2250.96 (1722.62),1223.56 (718.61),kk/unit
rasio_minimarket_swalayan,225.56 (609.75),4012.65 (2958.41),613.17 (1429.33),864.03 (439.46),3146.77 (2490.55),kk/unit
rasio_pt,0 (0),1742.31 (4519.53),14.95 (139.8),3787.62 (3149.63),1294.15 (2934.68),kk/unit
rasio_rs,515.03 (1353.55),1691.89 (5392.51),190.26 (1077.39),6878.32 (4334.79),1190.67 (3229.85),kk/unit
temp_change,0.99 (0.53),1.42 (0.06),1.45 (0.12),1.44 (0.05),1.4 (0.09),deg C/year
total_kk_berdasarkan_pengguna_dan_non_pengguna_listrik,4130.65 (1657.98),9839.06 (4815.56),3771.1 (1993.32),17421.85 (11351.89),7424.74 (2381.68),jumlah kk
wet_months,2.61 (1.49),4.33 (1.35),7.18 (0.91),5.42 (1.62),6.5 (1.28),months (average)
