Variable,Loading
indeks_bahaya_banjir,-0.2854243297365628
percentage_of_water_area_compared_to_sub_district_area,-0.25817375795866476
distance_to_water_body,0.24724421838368013
distance_to_plantation,0.2450880535335357
arable_land_percent,-0.22602619184720812
percentage_of_agricultural_area_small_holder_per_sub_district,-0.22602619184720804
distance_to_plantation_concession,0.2040965811107695
ndmi_2020,0.20013486955582793
annual_temperature_c_change,-0.1924246866603204
area_daerah_irigasi_ha,-0.18673359864777336
total_kk_berdasarkan_pengguna_dan_non_pengguna_listrik,-0.18361903751859182
distance_to_forest,-0.17520091850987238
mean_temperature,-0.17416124507668887
indeks_bahaya_longsor,0.1716470716164687
rasio_embung_di_kecamatan,-0.16698198542838338
luas_ha,-0.16212712419222702
distance_to_river,0.1595101933666748
distance_to_lake,0.15149013125564237
distance_to_social_forestry_concession,-0.14778370325148302
percentage_of_plantation_area_per_sub_district,-0.1411233745436328
distance_daerah_irigasi,0.1297957244432591
banyak_kejadian_banjir_2018_2019,-0.1256567420747742
rasio_sekolah_tinggi_sma_sederajat,-0.1251178268976804
ndwi_2020,-0.11658649147364425
rasio_pt,-0.11163605221105696
mean_precipitation,-0.10868587722438502
rasio_minimarket_swalayan_tempat_usaha_di_bangunan_tetap_untuk_menjual_berbagai_jenis_barang_secara_eceran_dengan_label_harga_sistem_pelayanan_mandiri_luas_lantai_400_m2,-0.10743452840121023
wetmonths_mean,-0.10017285337991699
korban_jiwa_banjir_2018_2019,-0.09817123830875038
percentage_of_savanna,-0.09140032697606075
rasio_rs,-0.0895074926097477
indeks_bahaya_kekeringan,-0.08484722848220556
buffer_to_500m_irigated_land,-0.08470248724616641
rasio_elektrifikasi,-0.08363857225479927
precipitation_change,0.08056403247092092
rasio_pasar,-0.07802553524286514
rasio_pasar_desa_pasar_hewan_pelelangan_ikan_pelelangan_hasil_pertanian_dll,-0.07527862264089125
distance_to_road,0.06634615602191134
jumlah_warga_penderita_gizi_buruk_marasmus_dan_kwashiorkor_pada_tahun_2018,-0.065260968403126493
distance_to_deforestation,-0.06366596896785698
jumlah_sistem_peringatan_dini_bencana_alam,-0.0589112103735681
banyak_kejadian_banjir_bandang_2018_2019,-0.05204539481475349
banyak_kejadian_kekeringan_lahan_2018_2019,-0.048714631375294234
deforestation_area_size_ha,-0.04778317269326136
aridity_index,0.041840393443241836
percentage_of_shrubland_in_the_sub_district,-0.04096193519173217
banyak_kejadian_tanah_longsor_2018_2019,-0.0303926431429103
korban_jiwa_kekeringan_lahan_2018_2019,-0.029100152722654905
rasio_warga_penderita_gizi_buruk_marasmus_dan_kwashiorkor_pada_tahun_2018,-0.02852101954967333
distance_to_irigation,-0.028336026452534004
persentase_sistem_peringatan_dini_bencana_alam,0.02784285609020778
idm_2021,0.02534186375222847
erosion_risk_t_ha_1_yr_1,-0.02162918770817873
percentage_of_forested_area_in_the_sub_district,-0.019959242682495364
banyak_kejadian_kebakaran_hutan_dan_lahan_2018_2019,-0.014744902696639476
distance_to_burned_area,-0.009069080078334386
rasio_faskes_1,-0.008563050520885808
percent_desil4_rt,-0.0012860449647360212
percent_desil4_ind,-4.1263262046840497e-4
korban_jiwa_tanah_longsor_2018_2019,2.2084874530706124e-4
ndvi_2020,-1.0788515369674377e-4
